filename,mean_anomaly,max_anomaly,min_anomaly,variance,peak_count,anomaly_duration
MVI_20011.npy,14.09965660981854,14.116663165944386,14.086670618620511,3.258662283736684e-05,12,29
MVI_20012.npy,14.09560767177761,14.13564770707647,14.075729171812739,0.00010730180563177155,6,28
MVI_20032.npy,14.09622777624197,14.13013962842493,14.06980029787625,0.00014677519481153477,11,16
MVI_20033.npy,14.11004315943062,14.122912827503969,14.092287045604733,3.2163605093975546e-05,23,31
MVI_20034.npy,14.101939443839553,14.117203696063813,14.085952627835024,3.7811175194659745e-05,16,34
MVI_20035.npy,14.10317713099123,14.11378443455596,14.093930814658794,1.595300134091083e-05,16,33
MVI_20051.npy,14.094831234289149,14.119569112064019,14.077772213189641,7.26952067996469e-05,15,41
MVI_20052.npy,14.098522691496221,14.11014705926302,14.082026564609974,3.7188340761638007e-05,11,29
MVI_20061.npy,14.097999790841486,14.13083050072985,14.076518702001575,0.0001459911175845762,13,36
MVI_20062.npy,14.100951315631645,14.146821804933307,14.075930168220488,0.00018527039813854854,7,31
MVI_20063.npy,14.109228326229008,14.159439475829165,14.081945148952196,0.00018631791857714455,9,27
MVI_20064.npy,14.107434632270492,14.14118023483046,14.083154635763757,0.00013161158001740797,8,26
MVI_20065.npy,14.104411532083446,14.12690876640068,14.081228949852926,6.925458892106923e-05,17,39
MVI_39031.npy,14.08235631541966,14.125905111109349,14.05518273497924,0.00013582555483582128,13,52
MVI_39051.npy,14.097960054265705,14.141333958284168,14.058364306151788,0.0003598235685134575,18,50
MVI_39211.npy,14.08436651289502,14.131391470767019,14.056267234670702,0.0001799340011372789,18,67
MVI_39271.npy,14.12604208860099,14.164653119085198,14.083752168718464,0.0001518012260499409,19,45
MVI_39311.npy,14.12296072495529,14.157755508010181,14.09294412524379,0.00014414463001352092,27,68
MVI_39361.npy,14.186942727118732,14.288519980747173,14.105436633503105,0.0026281574794660184,29,95
MVI_39371.npy,14.139586021847803,14.171410641600056,14.101347383896584,0.00017022101974585886,24,60
MVI_39401.npy,14.130024770537286,14.163132750826906,14.108772157234458,8.367508902913197e-05,17,50
MVI_39501.npy,14.116656414758442,14.13339015046056,14.099931430531132,6.902667920712963e-05,7,24
MVI_39511.npy,14.104152917821724,14.114106141004104,14.09384350472541,2.1049983252633557e-05,10,15
MVI_39761.npy,14.109799905700928,14.153364528791649,14.087576663044317,0.0001491693813366917,17,63
MVI_39771.npy,14.123131401313872,14.137785334402865,14.10815719805867,3.2497494541137456e-05,15,23
MVI_39781.npy,14.123303623545642,14.15835777261034,14.084617383975134,0.000204518611332333,21,81
MVI_39801.npy,14.142578734929467,14.17940405222692,14.104245384431806,0.00020772838376058458,12,35
MVI_39811.npy,14.12088257544665,14.17697459825212,14.065521987196178,0.00047437228579438103,14,41
MVI_39821.npy,14.14223957447747,14.181666817680535,14.104601041052515,0.000246833249019344,12,39
MVI_39851.npy,14.102237264655146,14.137679718695235,14.070930869041677,0.00020093098064797668,10,56
MVI_39861.npy,14.112775555467094,14.170301454295771,14.068556739958034,0.0003760811293358495,8,25
MVI_39931.npy,14.099465681856495,14.147438469049092,14.063381435985585,0.0003005883282305111,12,60
MVI_40131.npy,14.104453547948747,14.118362109078937,14.087945416861839,3.439740830550033e-05,34,77
MVI_40141.npy,14.104352928685962,14.138955843166487,14.080903312278746,0.00010074370080399972,23,64
MVI_40152.npy,14.106207349785201,14.145293213629548,14.068008097480963,0.00014707209846752446,22,65
MVI_40161.npy,14.11438962886538,14.130722745899748,14.081607917350624,7.623727214630691e-05,32,46
MVI_40162.npy,14.114658789380027,14.150080441161508,14.079494309663344,0.00013251742251478053,16,39
MVI_40171.npy,14.120355983426403,14.14556654165312,14.09632357826181,9.165962928659883e-05,19,44
MVI_40172.npy,14.107050746895762,14.149544921534348,14.064943653770719,0.00024892519950711167,29,102
MVI_40181.npy,14.127646280701843,14.17960025890469,14.100469600328413,0.0001851538379346812,11,51
MVI_40191.npy,14.11642559673268,14.131680705954134,14.10646895226924,2.04412926282248e-05,37,103
MVI_40192.npy,14.116752102617607,14.129848039063653,14.105338018256708,2.065122967195385e-05,32,92
MVI_40201.npy,14.122746933338515,14.141438114547604,14.104808842093444,3.166485184632133e-05,22,29
MVI_40204.npy,14.128484179053732,14.157461656312414,14.110172310626538,7.177197157282801e-05,24,48
MVI_40211.npy,14.109966029291892,14.141980317136758,14.07494843301359,7.976543728089063e-05,39,68
MVI_40212.npy,14.112096057050268,14.137327207561782,14.079672588702108,8.053406164074338e-05,26,60
MVI_40213.npy,14.1080104567173,14.145674014308195,14.08228026651463,8.836612632459666e-05,26,70
MVI_40241.npy,14.11684572088108,14.127323479145337,14.102087838599273,1.7959330232379923e-05,52,94
MVI_40243.npy,14.11472516456078,14.124360721625239,14.104661599387452,1.4441147338601358e-05,30,51
MVI_40244.npy,14.111928009207375,14.126506662250266,14.10109895339703,1.767036644146264e-05,18,50
MVI_40701.npy,14.13757672508527,14.202780897799515,14.111033071385137,0.0002562522223767006,5,37
MVI_40711.npy,14.160851166011316,14.202218194035638,14.133937914816874,0.00024001796393797014,14,49
MVI_40712.npy,14.14933383853953,14.204573307375018,14.11221505576898,0.00030932064403126167,16,116
MVI_40714.npy,14.157958497080141,14.20044590238037,14.124513709692625,0.000248490665865081,18,55
MVI_40732.npy,14.134696858725736,14.194850245973084,14.085335787624153,0.0003234115040583267,26,92
MVI_40742.npy,14.156597169838518,14.209648796372543,14.113957369110333,0.0004027450243127244,27,74
MVI_40743.npy,14.167102447156347,14.22276410281202,14.140602416590164,0.00023150013321294178,11,55
MVI_40751.npy,14.138882446774838,14.183771640933506,14.085857758670224,0.0002991392919884425,21,40
MVI_40752.npy,14.169818548599219,14.22748904076951,14.129960905284799,0.00024671028555465455,27,73
MVI_40761.npy,14.166192092795217,14.225671524593238,14.088921755485625,0.0006438938516107241,39,69
MVI_40762.npy,14.179958528802057,14.263109237761332,14.08361709343471,0.0009044644085203065,12,72
MVI_40763.npy,14.161563844580577,14.244622269027227,14.092239361888913,0.0008527093802553232,23,67
MVI_40771.npy,14.141933742810867,14.191525456149344,14.116701560277372,0.0002460854105648011,17,70
MVI_40772.npy,14.155645432814408,14.249665361025064,14.111514649681483,0.0010602879958416717,2,54
MVI_40773.npy,14.184614250677857,14.25956893564278,14.136956886560549,0.0008126662515537816,8,50
MVI_40774.npy,14.1848087478305,14.254647484898596,14.142915119962067,0.0007046220684658334,4,42
MVI_40775.npy,14.132533237938931,14.180935516145308,14.103433674171324,0.00027853195071520924,9,40
MVI_40792.npy,14.251138609264137,14.306268724649573,14.139082308083994,0.0010310753329149875,25,63
MVI_40793.npy,14.172261166726237,14.262071008495454,14.118915667807974,0.0008660662908289192,8,83
MVI_40851.npy,14.192048469590262,14.250965971962168,14.143051655771194,0.0004437750810121992,11,38
MVI_40852.npy,14.178823129864577,14.21580409369919,14.140466012302044,0.0002435596509555487,19,47
MVI_40853.npy,14.16996122231345,14.253367207043683,14.120936444757936,0.0011238849254183111,7,89
MVI_40854.npy,14.158157776259044,14.209253313583657,14.13723167298418,0.0001700427872860451,14,48
MVI_40855.npy,14.140188005621786,14.175074914810844,14.116876367843783,0.00017942092585245995,9,44
MVI_40863.npy,14.155878553221767,14.225044867057425,14.116147938832784,0.000473596631565825,13,60
MVI_40864.npy,14.151539322497568,14.190318268936323,14.10974916332495,0.00013599414969525078,18,52
MVI_40871.npy,14.129813066000864,14.177922571346842,14.100995750690513,0.0003539241863743089,15,82
MVI_40891.npy,14.139543760087308,14.19707351419725,14.111641417285794,0.000200474964249865,19,66
MVI_40892.npy,14.145702960620758,14.180487456825718,14.119174520283083,0.0001494696602780837,31,75
MVI_40901.npy,14.17334193817498,14.250225433141306,14.116141829351244,0.0011107893218341065,11,63
MVI_40902.npy,14.18658664817086,14.241736502077806,14.138593387405681,0.00037742282840372195,20,45
MVI_40903.npy,14.155559565932215,14.201774067725886,14.102290995238455,0.0003765322189951541,12,41
MVI_40904.npy,14.156915908415467,14.210016920923895,14.115168131871135,0.0004071992788204662,16,50
MVI_40905.npy,14.157862238875408,14.234881794531399,14.105214241775824,0.000475484972236321,12,62
MVI_40962.npy,14.092229298512178,14.122665218914374,14.069634601253261,9.008527566723607e-05,23,73
MVI_40963.npy,14.099530079428652,14.125397076510549,14.064941366963232,9.21248652906573e-05,24,65
MVI_40981.npy,14.146168486718558,14.180506832386161,14.116871806083545,0.00011167938049323257,38,72
MVI_40991.npy,14.12085223786531,14.167552953517639,14.068916353492941,0.0003793071278787219,27,66
MVI_40992.npy,14.13428308677574,14.18763754318624,14.075826549591149,0.0003792498015613317,31,80
MVI_41063.npy,14.099723253941956,14.11815530607125,14.079841676814791,4.294913409982832e-05,28,63
MVI_41073.npy,14.097606417126253,14.132285260625592,14.082369664733168,5.389783286070215e-05,24,63
MVI_63521.npy,14.104898974659314,14.124059027191326,14.080818027190618,5.739989376547779e-05,33,80
MVI_63525.npy,14.115149619450305,14.137493286798504,14.091273710770075,5.220513513273967e-05,19,39
MVI_63544.npy,14.135593548784094,14.180244176937158,14.089130076018343,0.00030674250750690595,13,47
MVI_63552.npy,14.122125447171584,14.152984838033353,14.099182732999719,0.000116970180898683,19,46
MVI_63553.npy,14.130821987668858,14.18583467747657,14.105655662086688,0.00015815585108361715,28,56
MVI_63554.npy,14.129502658406063,14.158635196113222,14.101146949515407,0.00012752863580064216,38,59
MVI_63561.npy,14.109324694183364,14.152793056996842,14.090153018123747,0.00010881472072056255,27,54
MVI_63562.npy,14.10056142145231,14.135465399952631,14.083646125144035,6.138877111454047e-05,15,38
MVI_63563.npy,14.099927268865919,14.130812473934842,14.082280222205553,6.263986191863258e-05,26,57
