filename,number_of_clips,feature_dimension,mean,std,min,max
MVI_20011.npy,163,768,-0.00016872651758603752,0.4147816598415375,-1.92578125,4.88671875
MVI_20012.npy,231,768,5.5864788009785116e-05,0.4185158312320709,-1.8720703125,4.96875
MVI_20032.npy,106,768,-0.0009878716664388776,0.41353124380111694,-1.9521484375,5.18359375
MVI_20033.npy,193,768,-0.00047842544154264033,0.4130168855190277,-2.09375,5.08984375
MVI_20034.npy,197,768,-0.000575822195969522,0.40395429730415344,-2.013671875,5.15234375
MVI_20035.npy,197,768,-0.0004643342108465731,0.4026501476764679,-1.9052734375,5.171875
MVI_20051.npy,223,768,0.00019924055959563702,0.413858562707901,-1.9150390625,4.86328125
MVI_20052.npy,170,768,-0.000396508548874408,0.4028012752532959,-1.9111328125,5.0546875
MVI_20061.npy,197,768,-0.0001364021300105378,0.42732155323028564,-1.7529296875,4.8671875
MVI_20062.npy,197,768,-0.0008985901367850602,0.42452874779701233,-2.013671875,4.890625
MVI_20063.npy,197,768,-0.0008128873887471855,0.42975375056266785,-1.94921875,4.953125
MVI_20064.npy,197,768,-0.0004158286901656538,0.426305890083313,-1.779296875,4.8671875
MVI_20065.npy,297,768,0.0009439797140657902,0.4370652437210083,-1.7041015625,4.9296875
MVI_39031.npy,364,768,0.0007711811340413988,0.43141302466392517,-2.099609375,4.84765625
MVI_39051.npy,277,768,1.7689328160486184e-05,0.4223620593547821,-1.9013671875,4.796875
MVI_39211.npy,412,768,0.001629064790904522,0.4493120312690735,-2.287109375,4.80078125
MVI_39271.npy,389,768,0.0014058913802728057,0.4308168590068817,-2.013671875,4.7734375
MVI_39311.npy,373,768,0.004433067515492439,0.44325774908065796,-1.7119140625,4.61328125
MVI_39361.npy,504,768,0.001322754891589284,0.44435590505599976,-2.0,4.85546875
MVI_39371.npy,344,768,0.00034634259645827115,0.4462951719760895,-1.9150390625,4.5703125
MVI_39401.npy,343,768,0.0010737974662333727,0.41823163628578186,-1.7861328125,5.0390625
MVI_39501.npy,132,768,-0.0004950975999236107,0.40771061182022095,-1.7294921875,4.9453125
MVI_39511.npy,92,768,-0.0016092710429802537,0.4028228521347046,-1.3828125,4.96484375
MVI_39761.npy,412,768,-0.0014931608457118273,0.3990320563316345,-2.146484375,5.39453125
MVI_39771.npy,139,768,-0.0011225463822484016,0.4086456596851349,-1.7275390625,5.01953125
MVI_39781.npy,463,768,-0.0009979346068575978,0.42436930537223816,-2.12890625,5.10546875
MVI_39801.npy,218,768,0.0007892695721238852,0.46158963441848755,-2.138671875,4.17578125
MVI_39811.npy,264,768,-0.001915252418257296,0.45945337414741516,-2.560546875,4.4140625
MVI_39821.npy,217,768,0.002205620054155588,0.47838231921195984,-1.8466796875,3.900390625
MVI_39851.npy,352,768,0.0009924388723447919,0.420973002910614,-1.8662109375,5.12890625
MVI_39861.npy,183,768,0.002759241033345461,0.45380446314811707,-1.8837890625,4.23046875
MVI_39931.npy,314,768,-0.0024087827187031507,0.4162631034851074,-2.25,5.00390625
MVI_40131.npy,408,768,0.00019945520034525543,0.4052281379699707,-1.765625,5.28125
MVI_40141.npy,397,768,-0.0018937707645818591,0.3927285075187683,-1.9775390625,5.3359375
MVI_40152.npy,434,768,-5.1843519031535834e-05,0.4074642062187195,-1.94140625,5.265625
MVI_40161.npy,369,768,-0.0017162439180538058,0.3992422819137573,-1.9013671875,5.23828125
MVI_40162.npy,438,768,-0.0014181621372699738,0.3996157944202423,-2.01171875,5.3671875
MVI_40171.npy,284,768,-0.0008341040229424834,0.4080486595630646,-2.173828125,5.01953125
MVI_40172.npy,655,768,-0.0007786790956743062,0.41100841760635376,-2.71875,5.01953125
MVI_40181.npy,422,768,-0.0009383240831084549,0.4220958650112152,-2.201171875,4.91796875
MVI_40191.npy,620,768,7.023145735729486e-05,0.4074559509754181,-1.7509765625,5.05859375
MVI_40192.npy,545,768,-7.784398621879518e-05,0.4083849787712097,-1.8291015625,5.0078125
MVI_40201.npy,228,768,-0.001081736059859395,0.4081769585609436,-1.787109375,4.9765625
MVI_40204.npy,303,768,-0.0013315430842339993,0.4089025557041168,-1.78515625,5.01953125
MVI_40211.npy,484,768,0.00019815520499832928,0.41023901104927063,-2.81640625,5.19140625
MVI_40212.npy,419,768,0.0007798839942552149,0.4169309437274933,-2.734375,5.0078125
MVI_40213.npy,444,768,0.0007092051091603935,0.4131515920162201,-2.947265625,5.140625
MVI_40241.npy,577,768,-0.0010200162651017308,0.3902209401130676,-1.8837890625,5.33203125
MVI_40243.npy,313,768,-0.0008991738432087004,0.38839566707611084,-1.578125,5.35546875
MVI_40244.npy,333,768,-0.0011238977313041687,0.38650062680244446,-1.8740234375,5.33984375
MVI_40701.npy,279,768,0.0001372319384245202,0.43061161041259766,-1.701171875,4.55859375
MVI_40711.npy,254,768,0.00015883674495853484,0.41936054825782776,-1.6357421875,4.77734375
MVI_40712.npy,597,768,0.0005088822799734771,0.41456663608551025,-1.65625,4.90234375
MVI_40714.npy,292,768,0.001541230594739318,0.42550837993621826,-1.5673828125,4.703125
MVI_40732.npy,527,768,0.001189956208691001,0.46678298711776733,-1.943359375,4.0703125
MVI_40742.npy,410,768,0.00032198504777625203,0.445664644241333,-1.8154296875,4.61328125
MVI_40743.npy,404,768,0.0006931013776920736,0.4447546899318695,-1.8125,4.55078125
MVI_40751.npy,283,768,0.0018338423687964678,0.4697411358356476,-2.01171875,3.962890625
MVI_40752.npy,503,768,0.0011080530239269137,0.46053239703178406,-2.28515625,4.34765625
MVI_40761.npy,504,768,0.0013041059719398618,0.4714929759502411,-2.732421875,3.9921875
MVI_40762.npy,453,768,0.002325792098417878,0.4662705361843109,-2.677734375,4.12890625
MVI_40763.npy,433,768,0.0017145074671134353,0.47046026587486267,-2.42578125,3.603515625
MVI_40771.npy,427,768,0.0012216903269290924,0.42191049456596375,-1.84375,4.8125
MVI_40772.npy,297,768,0.002089202404022217,0.4331039488315582,-1.5546875,4.93359375
MVI_40773.npy,243,768,0.0005391201702877879,0.43599674105644226,-1.791015625,4.484375
MVI_40774.npy,234,768,0.002041473751887679,0.45960989594459534,-1.6845703125,3.828125
MVI_40775.npy,240,768,0.0008716748561710119,0.4124390482902527,-1.89453125,4.984375
MVI_40792.npy,449,768,0.005724033806473017,0.48408743739128113,-2.248046875,3.701171875
MVI_40793.npy,487,768,0.005153605714440346,0.4586358964443207,-2.123046875,4.45703125
MVI_40851.npy,282,768,0.00011532084317877889,0.4437342584133148,-1.712890625,4.12109375
MVI_40852.npy,284,768,0.00014147584442980587,0.43519529700279236,-1.7919921875,4.5078125
MVI_40853.npy,394,768,0.0014793544542044401,0.44726982712745667,-1.791015625,4.72265625
MVI_40854.npy,295,768,-0.0004924620152451098,0.42009294033050537,-1.767578125,4.74609375
MVI_40855.npy,269,768,0.00030900005367584527,0.42713862657546997,-1.8798828125,4.46484375
MVI_40863.npy,414,768,0.0006740883109159768,0.43513789772987366,-1.94921875,4.69921875
MVI_40864.npy,375,768,-0.0001114409533329308,0.4263196289539337,-1.7548828125,4.84765625
MVI_40871.npy,427,768,-0.0006526864017359912,0.42576614022254944,-1.9716796875,4.95703125
MVI_40891.npy,383,768,0.0006354796350933611,0.4490610659122467,-1.9169921875,4.5703125
MVI_40892.npy,444,768,0.000737724476493895,0.44993191957473755,-1.970703125,4.5625
MVI_40901.npy,330,768,0.0021394328214228153,0.4633258581161499,-1.9873046875,4.109375
MVI_40902.npy,248,768,0.005071704275906086,0.5007925033569336,-1.73828125,2.36328125
MVI_40903.npy,262,768,0.0021371578332036734,0.46229276061058044,-1.7412109375,3.919921875
MVI_40904.npy,314,768,0.0007050368585623801,0.45338478684425354,-1.6396484375,4.25390625
MVI_40905.npy,424,768,0.001420531771145761,0.4564559757709503,-1.9296875,3.994140625
MVI_40962.npy,465,768,-0.0020062883850187063,0.4163655936717987,-2.310546875,5.0546875
MVI_40963.npy,452,768,-0.0016483181389048696,0.415442556142807,-2.29296875,4.92578125
MVI_40981.npy,495,768,0.0005139423301443458,0.43702173233032227,-2.30078125,4.56640625
MVI_40991.npy,452,768,-0.0002663842751644552,0.45777061581611633,-2.787109375,4.40234375
MVI_40992.npy,537,768,0.000661077443510294,0.45632147789001465,-2.642578125,4.68359375
MVI_41063.npy,373,768,-0.0017553281504660845,0.4086323082447052,-2.7890625,5.15234375
MVI_41073.npy,453,768,-0.0008181068697012961,0.40456312894821167,-2.3203125,5.14453125
MVI_63521.npy,510,768,-0.0008450128952972591,0.4051513969898224,-1.802734375,5.2265625
MVI_63525.npy,243,768,-0.0015073491958901286,0.4121437668800354,-1.86328125,4.96875
MVI_63544.npy,287,768,0.0012421366991475224,0.42603981494903564,-2.10546875,4.98046875
MVI_63552.npy,284,768,7.26414582459256e-05,0.42520278692245483,-2.154296875,4.6953125
MVI_63553.npy,348,768,0.0005498838727362454,0.43453437089920044,-2.3828125,4.609375
MVI_63554.npy,358,768,0.0007858897442929447,0.4403577446937561,-2.072265625,4.87109375
MVI_63561.npy,318,768,-0.00013128008868079633,0.41079971194267273,-1.8359375,5.046875
MVI_63562.npy,293,768,-0.0009060876909643412,0.39567136764526367,-1.8896484375,5.1953125
MVI_63563.npy,344,768,-0.0008803782984614372,0.3941132426261902,-2.064453125,5.31640625
